[{"id":"1","name":"31会议\n31Event","desc":"31会议，中国领先的会议科技服务商，隶属于上海八彦图信息科技有限公司。公司创办于2010年，总部位于上海，在北京、深圳、杭州、广州、西安、成都、苏州设有办公室及技术服务中心，业务辐射全国。公司致力于会议产业，依托互联网及移动技术，以提升会议品质与效率为公司使命，通过PC与移动端，帮助用户真正实现会议更轻松、更高效、更成功。","url":"http://www.31huiyi.com/"},{"id":"2","name":"247科技","desc":"247科技是中国领先的专注于微软生态的科技公司。公司由来自中国和挪威的移动互联网精英于2013年联合创立。247科技在创立之初即获得Microsoft Ventures项目支持，拥有中国最大的Windows10广告网络、MR研究团队和国内顶尖的游戏研发团队。","url":"http://www.247-china.com/"},{"id":"3","name":"那个网络\nemerge","desc":"那个网络是一家聚焦于全新场景体验的互联网科技公司，现有主营业务涵盖创意广告会展，步入式场景网络和为探索未来交互方式成立的以太实验室。自2014年公司成立以来，先后获得真格基金百万美元级天使投资、戈壁投资过千万Pre-A轮风险投资，在场景网络技术体验领域居于世界前列。","url":"http://emerge.cc/"},{"id":"4","name":"GLG格理集团\nGLG (Gerson Lehrman Group, Inc.","desc":"GLG格理集团是全球领先的专业知识分享平台。商业领袖﹑投资人﹑咨询顾问﹑社会企业家等各界顶尖专业人士通过使用格理集团的长短期专业服务， 向全球超过500,000名行业领先专家获取专业知识和意见。在严格遵守合规框架的基础上，通过对话﹑指导﹑小组会议﹑调研及其他形式的互动，客户与格理集团共同合作从而解决其面临的最复杂的战略性挑战，制订更好的商业决策并在事业上取得更大发展。全球性﹑技术驱动性﹑灵活性是我们的特征，格理集团有大约1,200名员工分布在12个国家的22间办公室。","url":"http://glg.it/cn/"},{"id":"5","name":"\nM5Stack","desc":"M5Stack是一种面向产品级开发的标准化开源套件，区别于一般开发板专注于功能与性能，它更注重于成果的应用场景，在产品整体设计、物理结构、扩展方式以及软件框架上做出了大量提升，使开发用户轻松实现“研发即产品”","url":"http://www.m5stack.com/"},{"id":"6","name":"海恩思\nHISENS","desc":"我们公司成立于2016年4月。HISENS是研发ED监测智能硬件的。它能够帮助阳痿患者和医生制定个性化治疗方案。它能够在睡觉时实时采集患者的生理数据，传输到医疗云，进行专业的数据分析及诊断。从而为阳痿的定性及治疗方案的制定提供最科学的依据。能最大程度的降低患者在治疗期限内无数次的往返医院进行相同检测，所耗费的时间及货币支出成本。","url":""},{"id":"7","name":"深圳市森克普科技有限公司\nSecope Technology Inc.","desc":"深圳市森克普科技有限公司是一家专业从事气体传感应用的科技型企业。酒精远程实时监控系统通过智能酒精测试仪监测员工酒精体征数据并上传至云平台，使管理部门在系统中实时监控与高效管理，以有效防止员工酒后上岗。","url":""},{"id":"8","name":"杭州高新区（滨江）国家海外高层次人才创新创业基地\n National Innovation and Entrepreneurship Base for Overseas High-end Talents Hangzhou High-tech Zone(Binjiang) ","desc":"杭州高新区（滨江）国家海外高层次人才创新创业基地（简称海创基地）是由杭州高新（滨江）区政府直接管理物理园区。园区重点引进和培育国家、省级 千人计划 专家创业企业和 5050计划 入选企业入驻。目前，已有155高科技企业入驻海创基地，其中有英飞特电子、万高科技、思科涡旋等25家 千人计划 专家创业企业。","url":""},{"id":"9","name":"幻行科技\nHangzhou vrgao Co., Ltd","desc":"杭州幻行科技有限公司是一家专业提供线上运动场景、游戏、网上竞技、训练设计等软硬件整体方案的科技公司。目前，公司依托强劲的技术实力，精心研发出了好玩又刺激的VR游戏内容，让用户在VR体验馆、电子游艺厅或网咖等都能享受到沉浸式的体验！","url":"http://www.vrgao.net/"},{"id":"10","name":"杭州若联科技有限公司\nRobSense Technology Co.Ltd","desc":"杭州若联科技有限公司由欧洲海归博士组建，在机器人控制和计算机网络领域拥有多项专利和创新技术，核心产品致力于为工业客户提供高性能无人机飞控模块和无人机整体解决方案。我们聚焦在人工智能技术在工业物联网，无线通信和嵌入式计算领域的应用，开发高可靠性、高性能、高集成度的机器人核心组件。","url":"http://www.robsense.com/"},{"id":"11","name":"杭州易途吧信息科技有限公司\nE Trip","desc":"易途8--境外中文专车服务平台，主营境外接送机与包车游，为出境国人提供安全、便捷、高品质的出行方式。目前业务已经覆盖全球110多个国家，1000多个城市，注册中文司导12万余名，累计为120万国人提供了出境用车服务。","url":""},{"id":"12","name":"无中生有咖啡\nBIGBANG COFFEE","desc":"无中生有咖啡是宁波首家创业咖啡，也是宁波最大的创业社区，专注于打造宁波创业的窗口。我们通过各类主题活动链接了7000+的创业者、创业导师和投资人，促成项目、资源和资本的对接。截止2015年，我们已促成10个创业项目对接资本近1亿元。","url":""},{"id":"13","name":"沃尔兹曼（北京）科技有限公司\nBased","desc":"沃尔兹曼（北京）科技有限公司位于北京清华科技园，源起于国家级科技企业孵化器启迪之星，是一家全球性便携交通领域的技术研发型企业。公司最新推出的6公斤级激战地铁侠电动滑板车是目前全球同型产品中最轻的，续航高达25公里。公司在宁波还建有全资现代化制造工厂，拥有灵活而高效的制造实力。","url":""},{"id":"14","name":"成都思迈徳医疗器械有限公司\nsmart med","desc":"创业团队以自主持有的 催化发光预诊断分析技术 为基础，打造高效肺癌早期筛查平台。我们的气体检测技术（VOCs）突破了传统癌症检测手段的漫长、昂贵、入侵性等不利因素，具有成本低、普适性、无创取样、无放射性的特点。","url":""},{"id":"15","name":"看呗","desc":"看呗是一款基于社交的移动互联网广告分发APP，旨在打破传统广告支出分配方式，将广告主与受众有机链接，依托社交圈属性让广告得到多圈层的裂变式传播，同时，受众获得分发收益，以达到广告费用直接投放到受众的效果。","url":"http://www.51kanbei.com/"},{"id":"16","name":"叁说优选","desc":" 叁说优选致力于为社会提供优选的健康食材，叁说人将秉承以产品为核心的经营理念，踏实做产品，用心去服务，通过点点滴滴的积累，聚集用户口碑 最终塑造一个让社会放心、被人们认可的优选健康食品品牌 ","url":""},{"id":"17","name":"NodeSpace加速器网络\nNodeSpace","desc":"NodeSpace加速器网络：国际化的创业加速器网络，以国际化的媒体报道、顶尖跨国大企业的行业资源、一流的资本支持以及XFounder创始人网络加速中国创新科技企业的发展。","url":"http://space.technode.com/"},{"id":"18","name":"杭州堆栈科技有限公司\nSegmentFault","desc":"SegmentFault 是中国领先的开发者社区及服务平台，旗下拥有技术问答、技术专栏、技术头条等开发者垂直领域的社区服务平台，自成立以来已经获得百万开发者的青睐，并获得 IDG 资本、软银赛富等顶级 VC 数千万投资。同时 SF 团队是目前中国最大的黑客马拉松组织方。","url":"https://segmentfault.com/"},{"id":"19","name":"\nSLASIFY PTE.LTD","desc":"Slasify打造下一个世代的工作模式，连接来自东南亚及大中华区的专家、企业和自由工作者，提供用户在平台上自由的组建项目团队及项目交付的能力。","url":""},{"id":"20","name":"\nSlush ","desc":" 2008年创立于北欧芬兰，Slush已成为当今最具国际影响力的科技创业投资平台之一。Slush大会每年都会在世界各地极具创业活力的城市举办，如赫尔辛基、东京、新加坡、北京和上海。Slush团队来到中国，将为火热的中国创业圈带来来自北欧的独特力量 ","url":"http://shanghai.slush.org/"},{"id":"21","name":"\nUbuntu","desc":"Ubuntu Core是专为物联网所设计，拥有事务性更新，安全、稳定等特性，可以用在物联网的诸多领域，如无人机、机器人、智能网关、工业控制、园区监控系统。并且Ubuntu snap应用可以轻松解决开发者、OEM厂商在开发和部署中的问题。","url":"http://www.ubuntu.org.cn/index_kylin"},{"id":"22","name":"北京博瑞云飞科技发展有限公司\nBeijing BriAir Technology Co., Ltd.","desc":"博瑞云飞是专注于轻小型智能无人机研发生产、销售服务，并提供轻小型智能空中机器人分行业解决方案的高科技企业。公司致力于将轻小型无人机打造成真正 能感知、会思考、可自主完成空中任务 的智能空中机器人。AIROBOY云童是其当前主打的首款无人机产品。","url":""},{"id":"23","name":"齿轮易创","desc":"齿轮易创通过规范流程和自动化管理为企业提供微信、APP、网页、后台管理等一站式开发服务。在过去6个月，我们为300+企业提供了服务，帮助律所、旅游、电商、教育等各个行业打造产品。我们希望重新定义技术外包行业。","url":"http://chilunyc.com/"},{"id":"24","name":"北京佳格","desc":"北京佳格天地科技有限公司是一家通过卫星和气象大数据收集、处理、分析和可视化系统，服务农业、环境、金融等行业的大数据应用公司","url":"http://www.gagogroup.com/"},{"id":"25","name":"灵犀科技\nJourney Technology","desc":"灵犀科技是家AR技术公司，团队致力于攻克制约AR的技术瓶颈。至今已在AR显示技术上获得了关键突破，通过轻薄如眼镜镜片的光学引擎，实现清晰、大视野的全息显示。灵犀聚集了最顶尖的AR显示科学家，核心团队来自世界顶尖高校实验室、Google、三星等。","url":""},{"id":"26","name":"凌宇智控\nLYRobotix","desc":"凌宇智控是一家专注于空间定位技术的创新型公司，致力于为移动VR提供标准化的全沉浸式输入设备，解决移动VR至今难以逾越的交互难题。核心团队由哥大的法学博士、北京邮电大学的硕士博士、以及中科院的博士组成。","url":"http://www.lyrobotix.com/"},{"id":"27","name":"中细软\nciprun","desc":"中细软，团队拥有专业知识产权服务人员1200余人，作为中国领先的知识产权科技服务云平台，其定位是为中国创新提供系统的解决方案与信息服务。致力于通过网络科技等手段，为政府知识产权行政管理、为企业、为个人智慧财产创造、运用、保护和管理提供高质量的解决方案。","url":"http://about.gbicom.cn/"},{"id":"28","name":"北京悠悠科技有限公司\nBeijing yoyo Technology Co., Ltd.","desc":"MVP01成立于2014年，致力于为企业提供品质可控、体验卓越的专业技术人才派遣（兼职／远程）、项目开发服务。有效解决用户招募专业技术人才成本高、周期长、管理难度大等问题，满足企业技术人才需要。","url":""},{"id":"29","name":"奇幻工房\nWonder Workshop","desc":"奇幻工房出品的风靡全球的编程机器人达奇&达达，透过互动游戏的方式，指导小朋友们通过自己编写命令脚本来控制机器人的行为，探索程序所带来的各种可能性，提升孩子们解决问题的能力，点燃孩子对程序的热情与好奇心。","url":"https://www.makewonder.com/dash"},{"id":"30","name":"北京小鱼儿科技有限公司\nBeijing Xiaoyuer Technology Co., Ltd","desc":"北京小鱼儿科技有限公司（www.zaijia.com）于2014年3月成立，是一家致力于研发互联网硬件和智能家电的创新型公司。核心团队来自Polycom、微软、YY、百度、用友等；公司在创立之初就获得了光速安振和创新工场的A轮投资。","url":"http://www.zaijia.com/"},{"id":"31","name":"北京野兽科技有限公司\nSpeedX Co,Ltd.","desc":"野兽是一家专注打造顶级智能运动自行车的公司, 拥有超过20年的研发、生产及销售经验，全力打造最具科技感的骑行品牌。产品包括全球首款碳纤维智能运动自行车、智能中控、骑行者社区APP等。先后获得近亿元人民币融资。","url":"https://en.speedx.com/"},{"id":"32","name":"北京优才创智科技有限公司\nBeijing Ucai Technology Co. Ltd","desc":" 优才学院，旨在培养优秀的互联网核心岗位人才，以互联网和移动互联网研发人才需求为切入点，通过扎实知识基础、锻炼专业技能、提升职业素养，全面提升人才的核心竞争力。优才学院集结业界最优秀的讲师和大牛顾问，倾心设计了横跨初、中、高级的全套课程体系，针对即将进入职场的学生和在职提升人群及互联网企业，提供一流的O2O教育和人才服务！优才，构建以教育为核心的互联网人才生态！ ","url":""},{"id":"33","name":"股书\nKapbook","desc":" 股书（Kapbook.com）是国内第一个股权激励在线管理工具，从建立计划、发放期权直至后续管理，提供完整的股权激励解决方案。与传统股权激励管理方式相比，股书让股权激励变得长效、便捷、经济。 ","url":"http://www.kapbook.com/"},{"id":"34","name":"广州影美晴信息科技有限责任公司\nGuangzhou Inmagine Information Technology Company Limited.","desc":"123RF是全球知名的免版税 (ROYALTY-FREE) 创意素材库，向您提供海量的商用或编辑用的照片，矢量图，视频及音频脚本。创建于2005年，现今已成为全球领先的素材供应平台，在全球7大洲拥有多个分支机构及专业的团队。超过100,000多位创意工作者向123RF源源不断地输送优秀的作品，每天向全球客户提供多达60,000份的全新素材,让我们在这快速发展的领域能持续保持进步。","url":""},{"id":"35","name":"回车科技","desc":" 回车科技是国内第一批研发消费级脑电产品的企业，在单导干电极脑电领域拥有核心技术优势，技术团队成员均来自于浙大等高校相关实验室，掌握着脑电领域最先进的科学技术。公司旗下“回车”品牌旨在向大众传达“智能温暖你的生活”理念，研发各类智能可穿戴用品，致力将健康和快乐带给每一个人。 ","url":"https://www.entertech.cn/"},{"id":"36","name":"杭州市虚现科技有限公司\nKATVR","desc":"KATVR全名杭州虚现科技有限公司。KATVR独立研发KAT SPACEVR万向行动平台，是全球三大专业ODT之一，也是全球首款无束缚VR万向行动平台，解决了虚拟现实内容中角色移动无法避免的 三大难点 （模拟晕动症、空间受限、安全隐患）。","url":"http://www.katvr.com/"},{"id":"37","name":"嘉兴安尚云信信息科技有限公司\nAnchora","desc":" Anchora基于领先的技术打造专业开放的企业级PaaS云平产品MoPaaS，助力企业用户实现应用的快捷交付以及计算资源的动态调配管理, 帮助企业简化IT基础设施和应用的管理运维成本，增强业务交付能力来提高企业的市场竞争力。客户分布在金融保险、能源、制造业、交通运输、IT企业、电子商务、电子政务、智慧城市，以及孵化器和高校等行业和领域。 ","url":"http://www.mopaas.com/portal.jsp"},{"id":"38","name":"前辈\nMasters ","desc":"「前辈」是一个连接问题和答案，连接用户和专业人士的沟通平台。用户与前辈约定时间和价格，一对一请教，得到个性化解决方案，结识前辈。前辈利用碎片时间帮助他人，实现专业技能分享与变现，提升个人品牌和价值。","url":""},{"id":"39","name":"科创365\nkechuang.cn","desc":"科创365（kechuang.cn）是科众三六五科技股份有限公司出资1亿元人民币、由英国归国博士团队打造的中国领先的科技成果转化综合服务平台。平台以互联网大数据技术为驱动，汇集国内外一流资源，为科技成果转化提供全方位服务。","url":"http://kechuang.cn/"},{"id":"40","name":"拉勾网\nLagou.com","desc":"拉勾网是中国最大的互联网职业发展平台，专注于服务工作3年以上的互联网从业者。拉勾网上线3年以来，始终倡导“薪资透明”、“投递必有反馈”，已成为互联网企业引进优秀人才的首选服务平台。","url":"Lagou.com"},{"id":"41","name":"数据棱镜\nlengjing.io","desc":"通过数据棱镜，分析师可以是实时了解结构化的创投公司信息，所关注领域的市场饱和度，以及该公司竞品的发展现状和关联实体（人，企业，投机机构等），为行业研究、公司以及产品的深度调研提供最有价值的和持续的支持。","url":"lengjing.io"},{"id":"42","name":"国安龙巢\nGuoan Longchao (Peking) Science & Technology Investment Co., Ltd","desc":"国安龙巢（北京）科技投资有限公司依托中信国安集团海量资源，联合产业伙伴，为具有创新意识、项目基础和可行商业模式的创业团队提供良好的工作空间、网络空间、社交空间和资源共享空间，建立完善产业生态圈。","url":"http://www.galongchao.com/#1"},{"id":"43","name":"钛方科技\nTaifangScience","desc":"北京钛方科技公司是一家专注于大尺寸触摸技术及相关设备研发的公司。公司研发的触摸桌具有纯平表面、美观大方、不受环境光及灰尘和油污影响、可以放置任何物体等优点。目前已有国内外多家餐厅、咖啡厅及家庭用户订购。","url":""},{"id":"44","name":"未来智创\nFujian Future Intelligent Manufacture and Environmental Protection Technology co., LTD.","desc":"福建未来智创环保科技有限公司专注于研发、生产、销售新型集成建筑，拥有20多项技术专利。集智能化、信息化、网络化为一体；融合环保，节能，艺术，智能等创新元素；创造未来集筑空间新价值。可应用文创、旅游等领域。","url":""},{"id":"45","name":"细推科技\nPROBINGSCIENCE (Being) Technology Inc.","desc":"北京细推科技有限公司是一家中国领先的、拥有自主知识产权的针对嵌入式产品、生物识别技术等方面进行研究、开发和生产为一体的高科技公司。细推科技指静脉生物识别技术及产品通过人体内部指静脉特征准确辨识身份，让身份识别更安全更智能。","url":"http://www.xituichina.com/"},{"id":"46","name":"美科科技\nMicroduino Inc.","desc":"美科科技成立于2012年，是尺寸最小的积木式智能硬件Microduino和mCookie的发明者。团队创始人王镇山、冯斌、潘可佳、李溪、陈昊分别来自清华、复旦、交大、UCSD等名校，团队成员目前超过50人，服务于超过5万名来自全球五大洲的用户。依靠完整的产品功能系列、创新的模块化技术和产品、《MIX美科创新方法论》课程体系以及《mSpace创客空间建设》等理论，美科已经成为领先的创客教育内容载体，在物联网基础设备、电子设计基础设备和创意创造方面表现突出。","url":"https://www.microduino.cn/"},{"id":"47","name":"徐州木牛流马机器人科技有限公司\nOXPONT ROBOT","desc":"徐州木牛流马机器人科技有限公司致力于双足关节类人形机器人的研究、开发、制造和销售，自成立以来，已经研发出的人形舞蹈机器人、艾倍特智能服务机器人。木牛流马致力于推动中国智能人形机器人的发展，将智能人形机器人推向中国的每一个家庭。","url":""},{"id":"48","name":"朋友印象\nPengYouYinXiang","desc":"朋友印象是一款由软银和腾讯联合投资的下一个千亿美金级别社交软件。朋友印象打通了熟人社交和陌生人社交的界限，通过朋友之间共同写就的人生传记来揭示每个人的全景信息，从而让人与人之间的社交更加透明化和高效。","url":"http://www.pyyx.com/"},{"id":"49","name":"热拉\nRela","desc":" Rela 热拉(曾用名：the L热拉)是一款全球范围的拉拉交友app，也是中国第一款基于地理位置的les群体专属移动社交产品，2012年11月上线后在全球范围内广泛推广。截至目前，Rela热拉已经有 近500万注册用户，月活 180 万、日活 50 万，其中 90% 的注册用户来自中国大陆地区，剩下 10% 为海外用户（主要集中在东南亚地区）。 ","url":"http://www.thel.co/en/home.html"},{"id":"50","name":"影子智能\nShanghai Yingzi Smart Technology Co., Ltd.","desc":"看我可以为用户创造逼真好玩的个人3D形象，对3D形象进行精致丰富的脸部塑型、随心所欲的体型调整、有趣时尚的虚拟试衣，还能创造独特动感的表情包，写真集噢！好玩有趣，时尚实用，就在看我。","url":"http://www.lookme.net.cn/"},{"id":"51","name":"鳍源科技\nfifish","desc":"深圳鳍源科技有限公司是一家专注于海洋探索的科技创新公司，通过互联网理念和现代科研力量构建全新的海洋商业模式，系列产品主推消费及轻工业市场。公司以研发销售水下机器人为硬件载体，搭载互联网内容平台，聚集来自世界各地的好奇者，开拓神秘未知的海底视野。","url":""},{"id":"52","name":"易马达科技\nImmotor Inc.","desc":"Immotor Inc. (易马达科技有限公司) 致力于研发、生产和销售全球领先的便携式个人交通工具，智能环保动力电池组和动力辅助系统； Immotor希望为全世界的用户提供轻便、时尚、环保及高效能的智能个人出行和绿色能源使用体验；","url":""},{"id":"53","name":"十一街\n11 Street","desc":" 十一街是一家位于厦门的大数据企业。通过鞋服领域的配型服务，获取、积累人体大数据；通过二次挖掘、管理体型数据，升级现有鞋服产业的数据化智能化制造的体系，同时通过海量数据及用户的连接做跨界多维增值服务。并采用SOYA 鞋服合体配型算法和电子体围尺、三维体型/脚型扫描仪采集体型、脚型数据。理念：人人数据，人人挖商业逻辑：以应用换连接，每个人都是移动的数据库。 ","url":""},{"id":"54","name":"听云\nNetworkBench.Inc","desc":"听云是国内最大的应用性能管理（APM）解决方案提供商，拥有听云App、听云Network、听云Server、听云Browser、听云Sys等重要产品线。提供真实用户体验视角下移动客户端、服务端与网络的性能监控与管理。","url":"http://www.tingyun.com/"},{"id":"55","name":"微链\nWeiLian","desc":"要融资，上微链。微链，一个专注于创业的社交平台，超过400,000的创业者都在用。目前微链上已有1300多位认证的真实投资人，入驻知名机构500多家，已收录80,000+项目，日均投递BP数达3000多次，已帮助100+个项目完成近5亿融资。","url":"http://www.welian.com/"},{"id":"56","name":"轻停网络\nBeijing ParKonect Network Tech Co. Ltd","desc":"轻停网络致力于成为全球领先的企业级物联网平台服务企业，从智能停车行业切入，构建物联网神经中枢。通过云+端架构，集成IT、OT等本地系统及智能硬件，打造轻模式、全连接、生态化的平台解决方案。","url":""},{"id":"57","name":"普林科技\nPrinceTechs","desc":"普林科技是一家专注于大数据建模分析，并为客户提供数据价值运营服务的高新技术企业。普林科技运用数据挖掘和机器学习技术，为金融、政企、健康医疗、教育等机构客户提供基于大数据资源、技术和思维的决策辅助服务与整体解决方案，帮助客户实现业务的数据驱动，提升运营效率。","url":"http://www.princetechs.com/"},{"id":"58","name":"轻元科技\nQingyuan Tech ","desc":"轻元科技是由微软Azure创始研发团队回国创立的企业云方案提供商，致力于将全球领先的云计算技术在国内落地为稳定可靠的商用技术，为中国客户提供自主、安全和可靠的云计算平台和解决方案","url":"http://www.qingyuanos.com/a-index.html"},{"id":"59","name":"上海影创信息科技有限公司\nShadow Creator Information Technology Co., Ltd","desc":"影创科技成立于2014年8月，是一家专注于AR智能眼镜整体解决方案的高科技企业，公司的产品有：“影创Halomini”、“影创Air”、“影创HALO”、“影创NANO”等多款智能眼镜。","url":""},{"id":"60","name":"艾普科技\nAppus Technology Limited","desc":"艾普科技建立的在線交流平台OMyCar，讓在線車主即可時分享各類型交通路況資訊。我們的目標市場為覆蓋了400億美元的東南亞大都市。未來，OMyCar將利用大數據分析技術，通過分析路況信息以及車主的駕駛行為，建立一個立體多維模型。","url":""},{"id":"61","name":"香港数码港管理有限公司\nHong Kong Cyberport Management Company Limited","desc":"数码港为一个创意数码社区，云集近 800 家社区成员，并由香港特别行政区政府全资拥有的香港数码港管理有限公司所管理。数码港的愿景是缔造科技企业传奇，并成为环球创新以及领先科技枢纽。数码港一直致力专注培育数码科技界的初创公司及企业家、推动协作以集中资源及缔造商机，以及推行策略发展计划及合作以促进数码科技普及化，藉此推动本地经济发展。","url":"http://www.cyberport.hk/en"},{"id":"62","name":"\nDeal N Ship","desc":"DealnShip是一个销售中高价美国商品的电子商业平台。透过自家研发的软体，我们能准确把握市场资讯，锁定美国现下最流行的单品；用闪存交易的方式，将其以全亚洲最低廉的价格转售中国及香港买家，薄利多销，取得先机。","url":"https://www.dealnship.com/"},{"id":"63","name":"巧课力\nChocoo","desc":"巧课力－最智能的早教行业管理解决方案，我们提供的不仅仅是一个工具，而是一套顶级早教机构的管理理念，充分利用机构资源，产生最大化盈利。“巧课力”为您提供了满足管理层、市场、销售、客服、老师、财务等一系列角色所需要的基础管理功能，并希望在这些功能之上，更加智能的为你解决日常管理工作的问题。","url":""},{"id":"64","name":"\nHITA","desc":"HITABOX是一個音樂版權授權及擁有播放技術的平臺，有著成熟的OTT 傳播技術，通過在零售店鋪的循環串流傳播技術， 把不同的優質獨立音樂分享給消費者，同時在零售店人流中播放廣告從而為音樂人，零售店及HITA帶來收益。華潤旗下的零售店亦已成為試點客人，現時HITABOX已達至每月60萬人流的成績。","url":""},{"id":"65","name":"越世代创新媒体集团\niGen6 Digi-Marcom Ltd.","desc":"iGen6由屡获殊荣的团队成立，并获颁多项奖项的「六维iGen6agon」，配合本司策略性O2O咨询、市务传讯服务、顾客关系管理服务等. 获授奖项包括: 《红鲱鱼》2015亚洲100创新企业、香港物联网大奖优异奖等。iGen6.com","url":"http://igen6.com/"},{"id":"66","name":"\nKeystone Technology Limited","desc":"我们公司的愿景是为视觉表现和未来的建筑体验带来革命性的转变。通过虚拟实境（VR）技术的应用，进一步拉近虚拟世界和现实的物理世界。我们致力将虚拟实境的科技应用成未来的设计規劃和销售流程中的无可取代的工具。","url":""},{"id":"67","name":"海峽咨詢有限公司\nLynk","desc":" 海峡咨询公司是一个知识平台，致力于帮助大众寻找合适的专家以获得建议与深度见解。我们的目标是通过让世界各地的人们互相学习，使每个人都可以轻易的接触到知识。 ","url":""},{"id":"68","name":"\nTeam More","desc":"Team More是为企业提供内容管理及日常沟通的公共流动平台，共提供九个基本模组，以解决企业的通讯需要。在短短3年间，Team More 已获多家亚太区企业支持，并获得香港资讯及通讯科技奖2015 (最佳中小企资讯科技大奖)及多项殊荣 。","url":"http://www.teammore.com.hk/"},{"id":"69","name":"\nQuikspaces","desc":"Quikspaces是一个提供网上灵活租赁办公空间的平台。透过提供随时随地线上浏览所有空置办公室和会议空间的服务，我们冀望为办公空间创造共享经济。无论您正在为全新的初创企业寻找一个短期的合作空间，或者为不断扩充的专业服务公司寻找设施齐全的私人办公室，我们都能助您一臂之力。只需要几个简单的点击: 搜索、查看和预订，就能完成您下一个工作区的预约！","url":"https://www.quikspaces.com/"},{"id":"70","name":"奇焉有限公司\nQWeUs Limited","desc":"由两位斯坦福大学校友创办，《奇焉》研发训练认知的手机应用程序。用户透过简单游戏,运用脑袋,保持脑部健康。为了让小孩在多方面成功, 本公司推出 (1)认知训练系列游戏 (2)基于此系列的个性化课程 (3) 以软件即服务(SaaS)形式帮助企业提供认知能力训练。","url":"http://www.qweus.com/"},{"id":"71","name":"秒投\nStockFlash","desc":" 港股高手，就在秒投！领先的火爆港股社区，投资港股的首选！在秒投，港股高手会实时告诉你于什么价位看涨看跌港股，不再为买卖什么港股而烦劳！我们的大数据分析会实时告诉你股民动向，帮你提前了解市场风向！  港股大V、明星投顾、基金经理等已经入驻，你还在等什么？投资港股由秒投开始！秒投手机应用程式快将推出！快点关注我们的微信公众号：miaotouapp ","url":"http://www.stockflashapp.com/"},{"id":"72","name":"团信香港有限公司\nTeamNote HK Limited","desc":"团信是个移动工作流管理工具, 以移动科技提供易于使用的功能,释放企业流动工作人员的生产力, 达到最高的工作效率。用户透过该软件全方位管理他们的工作、培训、文件和内部沟通等, 作出更佳的决定及更协调的合作。","url":""},{"id":"73","name":"世外桃源在線有限公司\nUtopia Online Limited","desc":" 我們公司的使命，是透過互聯網科技和智能手機APP技術，創造和建造專為二十一世紀而設的O2O數碼教育平台，和其他數碼生活應用平台。我們這個時代的發明，例如網上銀行，網上支付平台，搜尋器，社交媒體，網上商店，網上視頻，已經把人類的社會帶入一個不可逆轉的資信科技革命，我們的聯繫、購物、宣傳、理財、接受資信的方式已經完全改變。在二十一世紀，人類社會將不會再受制於辦公時間、以及商品服務提供者的地域界限。 ","url":""},{"id":"74","name":"房大办公\nZoom Offices","desc":"房大办公是国内领先的弹性办公空间智能租赁平台，帮助国内和海外的中小微企业找到理想的办公空间。房大办公致力打造全新的线上租赁体验，用户可以直接与业主互动，获取100%真实报价和房源状态，线上虚拟看房，签订电子协议和付款。","url":"http://www.zoomoffices.com/"},{"id":"75","name":"一度天使\nAceBridge","desc":"AceBridge一度天使，中国最大的创投社群平台，基于天使合伙人资源共享模式帮助解决创业问题，打造成功商业模式。目前平台集聚超过300万用户，3500+金融投资机构，包括Top100PE/VC，形成金融投资引领的天使合伙人生态圈，资源涵盖投融资、法律、咨询、会计审计、广告传媒、猎头、创业服务等核心领域，并有1万多名董事长、CEO、创始人注册。","url":""},{"id":"76","name":"优友视界（北京）科技有限公司\nYoyo Visual World Co., Ltd.","desc":"Philm是全球首款实时风格化滤镜视频编辑器。运用视频黑科技，让平淡无奇的日常视频瞬间成为浓墨重彩的名家大作！实时滤镜让视频瞬间变成艺术大片，500+款海量动态贴纸随意选择，跟踪特效让你的生活妙趣横生！","url":"http://www.catchapp.cc/"},{"id":"77","name":"\nBitMEX","desc":"BitMEX是一个交易平台，让散户投资者通过区块链及衍生工具进入全球金融市场。BitMEX能让任何人在任何地方都可以用上数字货币来买卖任何类型的金融资产。","url":""},{"id":"78","name":"上海杰克斯网络科技有限公司\nJarkas Lab Limited","desc":"同道是一个基于用户行为的自动化运营产品，通过同道，APP和网站可以跨平台、跨应用地掌握每一个用户的生命周期，自动发送个性化的应用推送、应用内消息、Email、短信。大幅提升用户活跃、留存和付费率。","url":"http://www.tongdao.io/"}]
