[
    {
        "time": "7",
        "tags": "智能硬件,很多东西,云计算类,VR / AR",
        "name": "GGV纪源资本",
        "desc": "纪源资本的创立缘起于用同一个团队管理中国和美国两个市场的独特想法——这样的团队才能够具有真正的全球化视野。事实上,我们的团队正在全天候的工作着,美国办公室结束一天的工作的时候正是中国办公室开始工作之时。",
        "url": "http://ch.ggvc.com/",
        "id": 4
    },
    {
        "time": "7",
        "tags": "电子商务,互联网金融,互联网医疗,网络娱乐,云计算类,文创类,其他",
        "name": "真格基金",
        "desc": "真格基金是由新东方联合创始人徐小平、王强和红杉资本中国在2011年联合创立的天使投资基金,旨在鼓励青年人创业、创新、创富、创造。新东方曾经为莘莘学子筑起出国深造的桥梁,真格基金希望能为海外学子搭建起归国创业的彩虹,侧重于但并不限于留学生创业。",
        "url": "http://www.zhenfund.com",
        "id": 5
    },
    {
        "time": "7",
        "tags": "B2B,O2O,电子商务,智能硬件,VR / AR",
        "name": "戈壁创投",
        "desc": "戈壁创投成立于 2002年,是中国领先的风险投资机构,主要专注于数字媒体、IT、TMT等领域的早期投资,其总部位于上海,同时在大陆其它城市、中国香港地区、新加坡 和吉隆坡等地设有七家办事处。目前,戈壁已成立了6支基金,在过去的十余年里,戈壁先后在中国和东南亚地区投资了100多家创新企业。",
        "url": "http://www.gobivc.com/cn/",
        "id": 6
    },
    {
        "time": "7",
        "tags": "智能硬件,消费升级,互联网金融,VR / AR",
        "name": "心元资本",
        "desc": "心元资本(Cherubic Ventures)是一间投资网路新创团队的创投公司,在2010年由天使投资人郑博仁所成立。四年来已投资超过四十个团队,遍及矽谷、中国及东南亚。这些团队所募得的follow-on创投资金额总计为一亿美元。",
        "url": "http://www.cherubicvc.com/",
        "id": 7
    },
    {
        "time": "7",
        "tags": "B2B,O2O,电子商务,智能硬件,互联网金融,批号,云计算类,VR / AR",
        "name": "云启资本",
        "desc": "云启资本是一家专注于云计算及大数据、智能硬件、金融科技和企业间交易服务（B2B）的早、中期投资的创投基金。团队成员分别来自IDG,GGV,Google,百度,京东,网易,PWC等公司,具有丰富的投资和互联网等行业经验,总部位于上海。",
        "url": "http://www.yunqi.vc/",
        "id": 8
    },
    {
        "time": "7",
        "tags": "B2B,电子商务,智能硬件,网络娱乐,VR / AR,其他",
        "name": "华旦天使",
        "desc": "",
        "url": "",
        "id": 9
    },
    {
        "time": "7",
        "tags": "B2B,网络娱乐,云计算类,VR / AR,文创类",
        "name": "Innospace",
        "desc": "InnoSpace是专注于互联网/移动互联网初创成长期企业的创业服务平台,旗下拥有面向种子天使阶段的人民币创投基金和提供优质创业加速孵化服务的国际创业集训营。InnoSpace不断探索和践行“投资+加速/孵化”的模式,为优秀的小微企业提供全方位、精细化的创业服务,立志成为中国的创新创业中心。",
        "url": "http://www.innospace.com.cn/",
        "id": 10
    },
    {
        "time": "7",
        "tags": "网络娱乐,VR / AR,文创类",
        "name": "联基金",
        "desc": "联基金是由前创新工场合伙人邱浩创办,联基金团队拥有丰富的早期投资经验。 联基金专注于新一代社交网络、互联网医疗,以及VR／AR人工智能等三大领域投资。 联基金主要投资Pre-A和A轮阶段项目,以高鹏计划(Great One Percent)和兄弟联组织建立创业生态系统创新的团队和导师Carry激励机制。",
        "url": "http://www.lianvc.com/",
        "id": 11
    },
    {
        "time": "7",
        "tags": "B2B,O2O,电子商务,互联网金融,网络娱乐,VR / AR,文创类,其他",
        "name": "熊猫资本",
        "desc": "熊猫资本成立于2015年5月,由四位新锐投资人李论、梁维弘、李心毅、毛圣博共同发起,定位于早期创业项目投资,重点关注房产、汽车、金融、企业服务与物流、健康消费等与互联网结合领域,团队成员来自晨兴、启明、策源、合力、达泰等国内主流基金。",
        "url": "http://www.pandavcfund.com/",
        "id": 12
    },
    {
        "time": "7",
        "tags": "B2B,互联网金融,网络娱乐,VR / AR",
        "name": "艾瑞资本",
        "desc": "由中国最大消费者洞察公司艾瑞咨询发起的风险投资实体,旗下基金包括艾瑞量道母基金、艾瑞创投基金、艾瑞天使基金、艾瑞美元基金。",
        "url": "http://capital.iresearch.com.cn/",
        "id": 13
    },
    {
        "time": "7",
        "tags": "B2B,互联网金融,批号,云计算类,VR / AR",
        "name": "红点创投",
        "desc": "红点风险投资（Redpoint Ventures）致力于投资具有领导和改变行业潜力的创新型公司,关注企业软件、通讯基础设施、移动和无线,存储和数据中心架构以及管理等领域。红点公司名下的管理资金总共有14.5亿美元,累计投资了60多家公司。",
        "url": "http://www.redpoint.com/",
        "id": 14
    },
    {
        "time": "7",
        "tags": "TMT,文创类,金融类,游戏,企业服务",
        "name": "线性资本",
        "desc": "线性资本 (Linear Venture) 由京东、天猫原高管张川和Facebook早期员工王淮共同创立,关注泛智能、大数据领域的技术驱动型早期项目。目前已投资地平线机器人、Rokid、同盾、点融等超过30个创业团队,并正在努力成为中国最好的应用性数据智能基金 (Applied-Data-Intelligence)。",
        "url": "http://www.linear.vc/",
        "id": 15
    },
    {
        "time": "7",
        "tags": "B2B,智能硬件,很多东西,云计算类,文创类",
        "name": "财通资本",
        "desc": " 浙江财通资本投资有限公司,系财通证券股份有限公司的全资子公司,公司注册资金3亿元人民币,总部设于浙江省杭州市,是一家全国性股权投资公司。财通资本专注于为高净值群体提供全方位金融服务,包括股权投资、并购重组、资产管理、财务顾问,致力于打造具有特色的专业投资管理公司。 ",
        "url": "http://www.ctzb.com/",
        "id": 16
    },
    {
        "time": "7",
        "tags": "B2B,智能硬件,很多,互联网医疗,云计算类,VR / AR,其他",
        "name": "美国中经合集团",
        "desc": "美国中经合集团是跨区域风险投资界的先锋,在北京、台北、旧金山均设有办公室。近二十年来, 中经合已经投资了超过300家富有远见的早期创业公司,并且已有80多家企业通过上市或者并购成功退出。专注于科技行业和健康医疗行业 。",
        "url": "http://wiharper.com/",
        "id": 17
    },
    {
        "time": "7",
        "tags": "B2B,O2O,电子商务,智能硬件,很多,互联网医疗,网络娱乐,VR / AR,文创类,其他",
        "name": "Queen’s Road Capital",
        "desc": "我们是一家致力于挖掘并协助创业者打造下一个亚洲互联网巨人的风投基金",
        "url": "http://queensroadcapital.com/",
        "id": 18
    },
    {
        "time": "7",
        "tags": "智能硬件,互联网金融,网络娱乐,云计算类,VR / AR",
        "name": "米筹金服（小米）",
        "desc": "米筹金服将首先以互联网股权投融资为主要切入点和着力点开展业务,致力于充分运用互联网技术手段,协同共享小米科技的创业经验和创业资源,服务科技创新型企业发展,支持“大众创业、万众创新”。",
        "url": "",
        "id": 19
    },
    {
        "time": "7",
        "tags": "智能硬件,很多,VR / AR",
        "name": "红榕资本",
        "desc": "红榕资本,2010年7月在中国浙江•杭州的城市新CBD地块——钱江新城注册成立首家投资公司——浙江红榕创业投资有限公司,是一家从事VC、PE等股权类投资的专业性机构,公司注册资金一亿人民币,业务覆盖长江三角洲地区。",
        "url": "http://www.hr-invest.com/",
        "id": 20
    },
    {
        "time": "7",
        "tags": "儿童行业,人工智能",
        "name": "纬度创投",
        "desc": "",
        "url": "http://www.weidu.com/#",
        "id": 21
    },
    {
        "time": "7",
        "tags": "O2O,网络娱乐,VR / AR",
        "name": "美图公司",
        "desc": "美图公司成立于2008年10月,\"让世界变得更美\"是我们的使命,怀揣着\"打造美丽生态链,让每个人都使用美图产品\"的愿景,我们创造了一系列软硬件产品如\"美图秀秀\"、\"美颜相机\"、短视频与直播社区\"美拍\"以及美图拍照手机,改变了用户创造与分享美的方式,也使自拍文化深入人心。",
        "url": "http://corp.meitu.com/",
        "id": 22
    },
    {
        "time": "7",
        "tags": "互联网医疗,网络娱乐,云计算类,VR / AR",
        "name": "优酷华岩",
        "desc": "CRCM Venture Capital invests in seed and early stage companies in Silicon Valley and China.We strongly believe that the convergence of Mobile, Cloud, and Big Data will create disruptions to TMT, Consumer Services, and Enterprise Software sectors.",
        "url": "http://www.crcmvc.com/",
        "id": 23
    },
    {
        "time": "7",
        "tags": "B2B,O2O,电子商务,智能硬件,VR / AR,文创类",
        "name": "科翔资本",
        "desc": "科翔是一家业务涉及地产园区开发、金融证券投资、企业股权投资的综合性集团公司。旗下科翔地产核心业务为城市园区地产的开发和运营,产品形态包括创意园区、科技园区和社区商业体。",
        "url": "http://www.kexianggroup.com/",
        "id": 24
    },
    {
        "time": "7",
        "tags": "B2B,智能硬件,云计算类,VR / AR,其他",
        "name": "得厚资本",
        "desc": "",
        "url": "",
        "id": 25
    },
    {
        "time": "7",
        "tags": "O2O,智能硬件,互联网金融,互联网医疗,VR / AR",
        "name": "隆领投资",
        "desc": "隆领投资专注于互联网天使投资和创业投资,隆领投资得益于公司创始人蔡文胜先生和核心管理团队对中国网民行为趋势及互联网产品的独到理解与深厚的草根创业行业资源积累,投资了一批具有广阔发展前景的互联网创新创业企业,是中国重要的互联网天使投资机构及创业投资者。",
        "url": "http://www.longling.com/",
        "id": 26
    },
    {
        "time": "7",
        "tags": "内容,电子商务,互联网金融,企业服务",
        "name": "starVC",
        "desc": "",
        "url": "",
        "id": 27
    },
    {
        "time": "7",
        "tags": "智能硬件,互联网金融,物联网,互联网医疗,网络娱乐,云计算类,VR / AR",
        "name": "奇虎360",
        "desc": "奇虎360科技有限公司,是中国领先的互联网和手机安全产品及服务供应商。据第三方统计,按照用户数量计算,360是中国第一大互联网安全公司,用户6亿,市场渗透率96.6%；中国第一大,全球前三的移动互联网安全公司；中国第一大浏览器公司,企业版安全软件用户量已经超过100万家,覆盖数千万终端。",
        "url": "http://www.360.com/",
        "id": 28
    },
    {
        "time": "7",
        "tags": "TMT,电子商务,企业服务",
        "name": "远镜资本",
        "desc": "远镜创投是专注于中国市场的VC/PE投资项目的股权私募基金,总部设立于中国北京。远镜创投依托创始团队在连锁消费行业成功的创业管理实践,结合国外先进投资理念,创建出远镜特有的投资体系。基金重点关注消费品、 连锁服务、教育、医疗健康、文化产业等领域的领先企业",
        "url": "http://www.trvc.com.cn/",
        "id": 29
    },
    {
        "time": "7",
        "tags": "B2B,O2O,电子商务,互联网医疗,网络娱乐,VR/AR",
        "name": "Partners Group",
        "desc": "",
        "url": "https://www.partnersgroup.com/en/",
        "id": 30
    },
    {
        "time": "7",
        "tags": "B2B,O2O,电子商务,互联网医疗,网络娱乐,VR / AR",
        "name": "博大集团",
        "desc": " 深圳市博大建设集团有限公司成立于1996年,注册资金1.1亿元,是一家集设计、施工于一体的专业化集团企业。是建筑装修装饰施工壹级、设计甲级,建筑幕墙设计与施工一体化壹级、建筑智能化专业工程承包壹级、机电设备安装工程专业承包壹级的集团化企业。",
        "url": "http://www.szbdzs.com/",
        "id": 31
    },
    {
        "time": "7",
        "tags": "B2B,智能硬件,云计算类,VR / AR,文创类",
        "name": "人民创投",
        "desc": "",
        "url": "http://www.peoplecapital.cn/",
        "id": 32
    },
    {
        "time": "7",
        "tags": "食品软件,食品硬件,生物科技,预包装食品和饮料,B2B,O2O,电子商务,智能硬件,很多东西,云计算类,文创类",
        "name": "Bits x Bites",
        "desc": "我们的使命-运用科技创新提供人们需要的未来好食。我们寻找具有同样理念的初创团队,并致力于加速早期事业的成长。",
        "url": "http://www.bitsxbites.com/zh",
        "id": 33
    },
    {
        "time": "7",
        "tags": "O2O,互联网医疗,VR / AR,其他",
        "name": "诺瓦资本",
        "desc": "",
        "url": "",
        "id": 34
    },
    {
        "time": "7",
        "tags": "智能硬件",
        "name": "HAX硬件加速器",
        "desc": "",
        "url": "",
        "id": 35
    },
    {
        "time": "7",
        "tags": "智能硬件,很多东西,云计算类,VR / AR",
        "name": "创业邦天使投资基金",
        "desc": "创业邦成立于2007年,是中国领先的专业创业服务平台,致力于帮助创业者实现创业梦想,推动各领域高成长企业快速发展。创业邦天使基金专注于早期高科技领域的投资,并为所投资公司提供公司治理、人才引进、资源合作、融资咨询等增值服务。 ",
        "url": "http://www.cyzone.cn/",
        "id": 36
    },
    {
        "time": "7",
        "tags": "互联网金融,很多",
        "name": "集富亚洲",
        "desc": "集富亚洲于1990年成立,亚洲领先的风险投资基金。专注于投资中早期高增长的技术企业,总基金管理规模超过13亿美元。我们的目标是与优秀的企业家一起构建成功的企业,并帮助投资者获得良好的投资回报。 集富也是一家全球性的风险投资机构, 在亚洲、日本和美国均有成功的投资案例。",
        "url": "http://www.jafcoasia.com/zh-hans",
        "id": 37
    },
    {
        "time": "7,8",
        "tags": "O2O,很多,云计算类",
        "name": "为实控股",
        "desc": "",
        "url": "",
        "id": 38
    },
    {
        "time": "7",
        "tags": "电子商务,智能硬件,互联网医疗",
        "name": "青山资本",
        "desc": "青山资本是中国成长最快的天使投资机构。自2013年成立以来,青山资本致力于TMT领域的早期投资。青山资本投资领域聚焦天使和Pre-A阶段。泛娱乐和消费升级是2016年青山资本的主要投资方向。",
        "url": "http://www.hwazing.com/",
        "id": 39
    },
    {
        "time": "7,8",
        "tags": "电子商务,智能硬件,互联网金融,loT",
        "name": "Keytone Ventures",
        "desc": "凯旋创投（KeyTone Ventures）是一家致力于培育优秀中国企业家与世界级领先企业的风险投资基金,由三位资深风险投资家于2008年初创建,目前旗下共管理两支美元基金,总计超过4.2亿美元。成立至今,凯旋创投已投资近五十家公司。",
        "url": "http://www.keytonevc.com/",
        "id": 40
    },
    {
        "time": "8",
        "name": "软银中国",
        "tags": "B2B,O2O,电子商务,智能硬件,VR / AR",
        "desc": "软银中国资本(SBCVC)成立于2000年,是一家领先的风险投资和私募股权基金管理公司,致力于在大中华地区投资优秀的高成长、高科技企业,曾成功投资了阿里巴巴、淘宝网、分众传媒、万国数据、神雾、普丽盛、迪安诊断、理邦仪器等一系列优秀企业。",
        "url": "http://www.sbcvc.com/",
        "id": 42
    },
    {
        "time": "8",
        "name": "华兴资本",
        "tags": "B2B,电子商务,互联网医疗,云计算类",
        "desc": "　华兴资本是中国领先的独立投资银行,致力于为基于互联网与信息技术发展创新商业模式的中国顶尖“新经济”创业家提供财务顾问服务。公司业务包括私募融资、公开募股、并购、销售交易以及各行业证券研究,主要关注行业包括TMT(科技、媒体和通信)、教育、医疗和消费品等。",
        "url": "http://www.huaxing.com/",
        "id": 43
    },
    {
        "time": "8",
        "name": "金沙江创投",
        "tags": "智能硬件,物联网,云计算类",
        "desc": "金沙江创投专注于投资立足中国,面向全球市场的高新技术初创企业,关注半导体器件和新材料、互联网和无线通信技术及其应用、新媒体、绿色能源以及其他高增长新兴领域。",
        "url": "http://www.gsrventures.cn/",
        "id": 44
    },
    {
        "time": "8",
        "name": "复星昆仲",
        "tags": "B2B,智能硬件,很多东西,云计算类",
        "desc": "复星昆仲资本成立于2013年4月,是复星集团旗下的产业创投基金,专注于中早期投资,聚焦于020、互联网金融、旅游/体育、医疗健康、车、教育等领域；美元投资金额在100万-3000万美元,人民币在400万-2亿投资。",
        "url": "http://www.fosun.com/",
        "id": 45
    },
    {
        "time": "8",
        "name": "将门投资",
        "tags": "B2B,智能硬件,很多,互联网医疗,云计算类,VR / AR",
        "desc": "为真正创新的初创企业,获取早期标杆用户和连接战略资源,协助其成长；为行业领先企业,寻找与其战略布局及业务发展结合紧密的创新创业合作伙伴,推动共赢。",
        "url": "http://www.thejiangmen.com/",
        "id": 46
    },
    {
        "time": "8",
        "name": "九合创投",
        "tags": "智能硬件,很多,互联网医疗,云计算类,VR / AR",
        "desc": "九合创投成立于2011年,由“百度七剑”之一王啸创立。作为国内顶级的本土基金品牌,我们着眼未来,脑冷心热,信奉「做有价值的事情,商业价值便会随之而来」。目前,九合已投资一百多家早期初创公司,其中包括了36氪、星空琴行、下厨房、91金融、黄油相机、日食记等一系列企业。",
        "url": "http://www.unityvc.com/",
        "id": 47
    },
    {
        "time": "8",
        "name": "猎豹移动",
        "tags": "B2B,O2O,电子商务,智能硬件,VR / AR",
        "desc": "猎豹移动（NYSE: CMCM）,于2010年10月由金山安全和可牛影像合并而成,继承了金山16年的安全技术积累和可牛影像的互联网基因,是Google Play全球工具类榜单排名第一的移动应用开发商。致力于为全球的移动用户提供更快速,更易用,更安全的移动互联网体验。",
        "url": "http://cn.cmcm.com/",
        "id": 48
    },
    {
        "time": "8",
        "name": "阿米巴",
        "tags": "移动互联网,电子商务,SNS",
        "desc": "阿米巴资本成立于2011年,专注于早期及成长期TMT行业的风险投资,致力于寻找强大生存能力、适应力和疾速执行力的创业者。其关注的领域包括但不限于O2O,在线教育,大数据,电商,企业级服务等。 ",
        "url": "",
        "id": 49
    },
    {
        "time": "8",
        "name": "云天使",
        "tags": "B2B,智能硬件,互联网金融,批号,云计算类",
        "desc": "云天使基金是一只专注于技术与商业模式创新的早期风险投资基金,由宽带资本、红杉资本、北极光创投、金沙江创投以及双湖投资于2013年联合创立。投资范围涵盖：消费市场,企业服务,云计算及大数据,新型硬件,金融服务以及移动医疗等领域。",
        "url": "http://www.cloudangelfunds.com/about.html",
        "id": 50
    },
    {
        "time": "8",
        "name": "龙腾资本",
        "tags": "B2B,智能硬件,网络娱乐,VR / AR",
        "desc": "龙腾资本(Dragonrise Capital)是一家管理着数支美元和人民币基金专业风险投资机构,",
        "url": "http://dragonrisecapital.com/",
        "id": 51
    },
    {
        "time": "8",
        "name": "高榕资本",
        "tags": "电子商务,互联网金融,很多,网络娱乐",
        "desc": "高榕资本成立于2013年,是一家新成立的关注国内科技领域的投资基金。管理着2亿多美元基金,专注于TMT行业种子期和成长期投资。",
        "url": "http://www.banyanvc.com/",
        "id": 52
    },
    {
        "time": "8",
        "name": "联合利华",
        "tags": "O2O,电子商务,智能硬件,互联网金融,网络娱乐,VR / AR,文创类",
        "desc": "19世纪90年代,William Heskith Lever,联合利华的创始人之一,便提出了“减轻家务负担,让使用者生活更美好”的理念。联合利华的全球愿景:每一天,我们都致力于创造更美好的未来。我们的优质产品和服务,使人心情愉悦、神采焕发,享受更加完美生活；",
        "url": "https://www.unilever.com.cn",
        "id": 53
    },
    {
        "time": "8",
        "name": "日亚投资",
        "tags": "B2B,电子商务,互联网医疗",
        "desc": "日本亚洲投资株式会社（JAIC）是日本规模最大的风险投资公司之一,投资区域遍及日本,美国,大中国区,韩国以及东南亚各国。目前在包含台湾和香港之大中国市场已经投资了70多家企业,其中26家企业成功上市。",
        "url": "http://www.jaic-vc.co.jp/cn/index.html",
        "id": 54
    },
    {
        "time": "8",
        "name": "英诺天使",
        "tags": "智能硬件,很多,互联网医疗",
        "desc": "英诺天使基金由李竹、陈学军、林森、张春晖共同发起,侧重智能产业、O2O、产业互联网。管理团队成员历史投资项目超过100个,包括中国前五大网游之游族、第七大道、e代驾、美团等,拥有多个上市/并购案例,大部份天使项目均获得A轮以上投资。",
        "url": "http://www.innoangel.com/",
        "id": 55
    },
    {
        "time": "8",
        "name": "凯辉创新基金",
        "tags": "B2B,电子商务,智能,硬件,Fintech,很多,云计算,VR / AR",
        "desc": "",
        "url": "",
        "id": 56
    },
    {
        "time": "8",
        "name": "原子创投",
        "tags": "O2O,网络娱乐",
        "desc": "原子创投成立于2012年,是上海原禾创业投资中心设在上海的运营机构,主要针对高技术行业进行投资,如：互联网,移动互联网及新材料领域。原子创投也对与消费、传统行业改造相关的新商业模式创业非常关注。 原子创投以主流、大众市场、平台化的项目作为投资标的;关注目标细分市场的领导者或潜在领导者。",
        "url": "http://www.atomvc.com/",
        "id": 57
    },
    {
        "time": "8",
        "name": "Cheil worldwide(Samsung)",
        "tags": "智能硬件,VR / AR",
        "desc": "“Ideas That Move” is both the mission and vision of Cheil Worldwide.We aim to contribute to making this world a better place to live　by conceiving more ideas that bring positive change.",
        "url": "http://www.cheil.com/",
        "id": 58
    },
    {
        "time": "8",
        "name": "Ruvento Ventures",
        "tags": "智能硬件,互联网金融,批号,互联网医疗,云计算类,VR / AR",
        "desc": "",
        "url": "http://ruvento.com/",
        "id": 59
    },
    {
        "time": "8",
        "name": "洪泰基金",
        "tags": "B2B,智能硬件,互联网金融,批号,互联网医疗,网络娱乐,云计算类,VR / AR",
        "desc": "洪泰基金成立于2014年11月26日,由著名教育家俞敏洪先生和资深投资银行家盛希泰先生共同发起成立,系国内最大的单指人民币天使基金。洪泰基金聚焦在新消费、新科技、新健康、新金融和新教育五大领域,截至2015年5月,已累计投资50余个项目。",
        "url": "http://www.angelplus.cn/",
        "id": 60
    },
    {
        "time": "8",
        "name": "淳时资本",
        "tags": "B2B,智能硬件,网络娱乐,云计算类,VR / AR",
        "desc": "淳时资本专注为快速成长的中小微企业和客户提供私募融资、兼并收购、财务顾问、研究报告等专业投资银行服务。",
        "url": "http://www.cheerscapital.com/",
        "id": 61
    },
    {
        "time": "8",
        "name": "黑马基金",
        "tags": "文创类,互联网医疗,智能硬件,教育类",
        "desc": "创业黑马（北京）科技股份有限公司,是一家针对高成长创新企业的综合创业服务机构。自2008年成立以来,现已发展成为一个集学习、推广、社交等为一体的O2O创业孵化加速器,涵盖创业教育和创业公关等创业服务。",
        "url": "http://www.iheima.com/",
        "id": 63
    },
    {
        "time": "8",
        "name": "海尔赛富基金",
        "tags": "B2B,智能硬件,很多,网络娱乐,VR / AR",
        "desc": "海尔宣布与赛富投资及海尔创投合伙设立总规模约为3.2亿元的智慧家庭产业基金,意在打造开放式的生态圈。在智慧家庭领域扮演重要角色的海尔U+平台及其生态圈,将是该基金的重点关注投资领域之一。开发者提出项目孵化方案后,若项目获得海尔赛富基金认可,就可获得该基金的扶持。",
        "url": "http://www.saifpartners.com.cn/",
        "id": 64
    },
    {
        "time": "8",
        "name": "尚势资本",
        "tags": "很多,互联网医疗",
        "desc": "尚势资本成立于2014年,总部位于北京,在深圳及旧金山设有办公室。尚势资本目前管理着一支美元基金和两支人民币基金,资产管理规模折合人民币超过13亿元。尚势资本目前的投资阶段涵盖了种子轮到B轮,重点的投资领域为移动医疗、智能硬件及消费升级、企业服务。",
        "url": "http://www.shangshifund.com/",
        "id": 65
    },
    {
        "time": "8",
        "name": "PreAngel Partners",
        "tags": "电子商务,移动互联网,智能硬件,互联网医疗,文创类",
        "desc": "PreAngel Fund由王利杰于 2011年创办,已经连续成立了6支基金,共管理6亿人民币,所有项目主要分布在中美两地,覆盖移动互联网、智能硬件、医疗健康、分享经济、金融保险、垂直电商、消费升级、女性消费、体育文化等天使阶段的初创企业。",
        "url": "http://www.preangelfund.cn/",
        "id": 66
    },
    {
        "time": "8",
        "name": "民航投资管理有限公司",
        "tags": "B2B,智能硬件,云计算类",
        "desc": "",
        "url": "",
        "id": 67
    },
    {
        "time": "8",
        "name": "峰瑞资本",
        "tags": "B2B,智能硬件,云计算类",
        "desc": "峰瑞资本投资团队累计投资了200多家创业公司,其中6家估值过10亿美金,13家估值超过3亿美金。过去5年,峰瑞资本投资团队多次成功预测市场大趋势,并先后在7大主题上进行了一系列投资。",
        "url": "https://www.freesvc.com",
        "id": 68
    },
    {
        "time": "8",
        "name": "沣源资本",
        "tags": "IOT,云计算类",
        "desc": "基金重点布局互联网,移动互联网,大数据,云服务,医疗健康,智能硬件,物联网,人工智能及机器人等。",
        "url": "http://fymcap.com/",
        "id": 69
    },
    {
        "time": "8",
        "name": "山行资本",
        "tags": "B2B,电子商务,智能硬件,网络娱乐,云计算类,文创类,其他",
        "desc": "",
        "url": "",
        "id": 70
    },
    {
        "time": "8",
        "name": "平安创投",
        "tags": "B2B,智能硬件,互联网金融",
        "desc": "平安创新投资基金是平安集团旗下的专业风险投资机构,专注于新兴创新领域的早期风险投资,致力于与合作企业携手共进、共同成长,不仅提供资金,更提供管理经验、自有资源和平台,助力企业成功。\"",
        "url": "http://www.pinganventures.com/",
        "id": 71
    },
    {
        "time": "8",
        "name": "UCCVR",
        "tags": "AR / VR",
        "desc": "我们是UCCVR,是Ultimate Creators Create Virtual Reality的缩写。人如其名,我们的使命就是帮助虚拟现实领域的卓越创想创想家们实现梦想。面对VR/AR充满挑战的创业环境,我们拥有技术狂热爱行者和技术专家组成的社区。",
        "url": "http://uccvr.com/",
        "id": 73
    },
    {
        "time": "8",
        "name": "达华智能",
        "tags": "智能硬件,很多东西,云计算类",
        "desc": " 中山达华智能科技股份有限公司成立于1993年,于2010年12月3日在深交所上市。公司经过多年的内生外延式发展,成为了拥有20多家子公司,市值超过200亿的集团化公司,并形成了物联网产业、OTT、创新型互联网金融三大核心业务体系,搭建起”链接家庭,商户和个人。",
        "url": "http://www.twh.com.cn/",
        "id": 74
    },
    {
        "time": "8",
        "name": "中关村发展集团",
        "tags": "智能硬件,互联网金融",
        "desc": "中关村发展集团成立于2010年4月1日,是北京市委市政府为进一步加快中关村示范区建设,加大市级统筹力度,运用市场化手段配置创新资源的国有大型企业。集团坚持示范区与集团同步发展的“双维”战略目标和“整合资源、搭建平台、引领发展”的工作理念。",
        "url": "http://www.zgcgroup.com.cn/",
        "id": 75
    },
    {
        "time": "8",
        "name": "龙玺集团",
        "tags": "互联网金融",
        "desc": "目前,龙玺国际集团已与全球200余家具有国际影响力的跨国传媒公司建立以经典纪录片为主的版权贸易合作。我们的合作伙伴包括：英国广播公司、英国第四频道、英国Fremantle Media、英国独立电视台、美国国家地理、美国狮门影业公司、德国DW电视台等。",
        "url": "http://www.royalsealmedia.com/",
        "id": 76
    }
]