[
    {
        "name": "签到",
        "speakers": "",
        "start_time": "8:30",
        "end_time": "9:30",
        "date": "7"
    },
    {
        "name": "开幕词",
        "speakers": "Ned Desmond,卢刚",
        "start_time": "9:30",
        "end_time": "9:35",
        "date": "7"
    },
    {
        "name": "炉边对话：中国互联网的创新和趋势 ",
        "speakers": "李开复",
        "start_time": "9:35",
        "end_time": "10:05",
        "date": "7"
    },
    {
        "name": "炉边对话:  家用机器人行业缔造者",
        "speakers": "Colin Angle",
        "start_time": "10:05",
        "end_time": "10:35",
        "date": "7"
    },
    {
        "name": "炉边对话 ：在线教育-中国教育资源不平衡的解决之道",
        "speakers": "陈向东",
        "start_time": "10:35",
        "end_time": "11:05",
        "date": "7"
    },
    {
        "name": "圆桌对话：人工智能",
        "speakers": "杜奕瑾,杨铭,徐冰",
        "start_time": "11:05",
        "end_time": "11:35",
        "date": "7"
    },
    {
        "name": "炉边对话：One Step",
        "speakers": "朱萧木,卢刚",
        "start_time": "11:35",
        "end_time": "12:05",
        "date": "7"
    },
    {
        "name": "午餐",
        "speakers": "",
        "start_time": "12:05",
        "end_time": "13:00",
        "date": "7"
    },
    {
        "name": "圆桌讨论：体育人的创业心",
        "speakers": "徐云龙,邓乐军,卢刚",
        "start_time": "13:00",
        "end_time": "13:30",
        "date": "7"
    },
    {
        "name": "炉边对话: 自行车的商业价值和梦想",
        "speakers": "张向东,卢刚",
        "start_time": "13:30",
        "end_time": "14:00",
        "date": "7"
    },
    {
        "name": "炉边对话：中国智造的全球品牌梦想",
        "speakers": "阳萌",
        "start_time": "14:00",
        "end_time": "14:30",
        "date": "7"
    },
    {
        "name": "圆桌讨论：知识分享让沟通更专业",
        "speakers": "欧阳杞浚,邹志渭,朱晓华",
        "start_time": "14:30",
        "end_time": "15:00",
        "date": "7"
    },
    {
        "name": "圆桌讨论： 科技&美学",
        "speakers": "朱哲琴,雷海波,卢刚",
        "start_time": "15:00",
        "end_time": "15:30",
        "date": "7"
    },
    {
        "name": "炉边对话：设计推动科技",
        "speakers": "Clive van Heerden,要文瑾",
        "start_time": "15:30",
        "end_time": "16:00",
        "date": "7"
    },
    {
        "name": "圆桌论坛：中国硬件出海",
        "speakers": "雕明容,廖杨,熊逸放",
        "start_time": "16:00",
        "end_time": "16:30",
        "date": "7"
    },
    {
        "name": "炉边对话：直播平台",
        "speakers": "",
        "start_time": "16:30",
        "end_time": "17:00",
        "date": "7"
    },
    {
        "name": "圆桌论坛：比特币和区块链",
        "speakers": "徐明星,杨再勇,花松秀",
        "start_time": "17:00",
        "end_time": "17:30",
        "date": "7"
    },
    {
        "name": "VIP晚宴",
        "speakers": "",
        "start_time": "18:30",
        "end_time": "21:30",
        "date": "7"
    },
    {
        "name": "签到",
        "speakers": "",
        "start_time": "8:30",
        "end_time": "9:30",
        "date": "8"
    },
    {
        "name": "炉边对话：乐视的海外生态圈",
        "speakers": "许长虹",
        "start_time": "9:30",
        "end_time": "10:00",
        "date": "8"
    },
    {
        "name": "炉边对话：创业服务：重度垂直",
        "speakers": "牛文文,卢刚",
        "start_time": "10:00",
        "end_time": "10:30",
        "date": "8"
    },
    {
        "name": "圆桌讨论：大企业的创新链条",
        "speakers": "罗斌,詹慧川",
        "start_time": "10:30",
        "end_time": "11:00",
        "date": "8"
    },
    {
        "name": "圆桌论坛：下一年爆点：生物基因？",
        "speakers": "邓杏飞,陈斌,赵瑞林",
        "start_time": "11:00",
        "end_time": "11:30",
        "date": "8"
    },
    {
        "name": "圆桌对话：无所不能的机器人",
        "speakers": "魏建仓,张云飞,邢玉柱,于立峰",
        "start_time": "11:30",
        "end_time": "12:00",
        "date": "8"
    },
    {
        "name": "午餐",
        "speakers": "",
        "start_time": "12:00",
        "end_time": "13:00",
        "date": "8"
    },
    {
        "name": "炉边对话：共享骑行-不止打通最后一公里",
        "speakers": "夏一平",
        "start_time": "13:00",
        "end_time": "13:30",
        "date": "8"
    },
    {
        "name": "炉边对话：无界与跨界-谈VLiveShow的全领域知识分享世界",
        "speakers": "黄舒骏,卢刚",
        "start_time": "13:30",
        "end_time": "14:00",
        "date": "8"
    },
    {
        "name": "炉边对话：TMT职场招聘透视资本寒冬",
        "speakers": "鲍艾乐",
        "start_time": "14:00",
        "end_time": "14:30",
        "date": "8"
    },
    {
        "name": "圆桌讨论：投资东南亚",
        "speakers": "邱家睦,Jeffrey Paine,Adrian Li",
        "start_time": "14:30",
        "end_time": "15:00",
        "date": "8"
    },
    {
        "name": "圆桌讨论：VR的击进之路",
        "speakers": "",
        "start_time": "15:00",
        "end_time": "15:30",
        "date": "8"
    },
    {
        "name": "圆桌讨论：投资全球化",
        "speakers": "计越,卜君全,郑俊聪,赵鸿",
        "start_time": "15:30",
        "end_time": "16:00",
        "date": "8"
    },
    {
        "name": "2016 TechCrunch 国际创新峰会（北京）创业大赛决赛",
        "speakers": "",
        "start_time": "16:00",
        "end_time": "17:00",
        "date": "8"
    },
    {
        "name": "After Party",
        "speakers": "",
        "start_time": "18:30",
        "end_time": "21:30",
        "date": "8"
    }
]